ID;Parcela;Incendio;Especie Dominante;CBI Sotobosque;CBI Dosel;CBI Parcela;Geo CBI;CBI Par SS;GeoCBI Par SS;X;Y;MapX;MapY;Lat;Lon;NDVI2017;NDVI2018;NDVI2019;NDVI2020;NDWI2017;NDWI2018;NDWI2019;NDWI2020;NBR2017;NBR2018;NBR2019;NBR2020;B1_2017;B2_2017;B3_2017;B4_2017;B5_2017;B6_2017;B7_2017;B8_2017;B8_2017;B9_2017;B11_2017;B12_2017;B1_2018;B2_2018;B3_2018;B4_2018;B5_2018;B6_2018;B7_2018;B8_2018;B8A_2018;B9_2018;B11_2018;B12_2018;B1_2019;B2_2019;B3_2019;B4_2019;B5_2019;B6_2019;B7_2019;B8_2019;B8A_2019;B9_2019;B11_2019;B12_2019;B1_2020;B2_2020;B3_2020;B4_2020;B5_2020;B6_2020;B7_2020;B8_2020;B8A_2020;B9_2020;B11_2020;B12_2020
1;8;El Perdigadero;Pino Radiata;0.04;1.44;0.51;0.47;0.7;1.03;3191;7095;231880;6129080;-34.945.356;-71.935.852;;;;;;;;;;;;;;;;;;;;;;;;;;;;;;;;;;;;;;;;;;;;;;;;;;;;;;;;;;;;
2;83;Las Maquinas;Pino Radiata;1.27;1.44;1.31;1.5;1;0.88;3265;4134;198555.62;6072411.14;-35.446.131;-72.320.955;0.0188;0.0187;-0.0089;-0.0219;0.0087;0.0104;-0.0102;-0.0256;0.0221;0.0281;0.0014;-0.0106;86.086;54.111;96.5677;34.9844;52.14;394.7706;539.3665;437.8923;515.7321;514.5038;189.8214;47.8159;106.9811;37.6019;76.492;2.6038;44.4069;215.5973;368.1182;277.801;340.2144;388.1802;97.3062;-15.3409;81.6723;63.0342;105.5468;80.1645;83.1611;314.5338;437.7534;373.4639;479.2841;491.4839;231.3727;87.9017;92.7831;50.5762;80.0952;82.1047;96.5513;217.0538;377.3514;248.7322;390.3881;348.885;233.277;91.3957
3;84;Las Maquinas;Eucalipto;1.88;1.13;1.63;1.96;1.31;1.22;3227;4133;198175.62;6072421.14;-35.445.926;-72.325.132;0.2472;0.0937;0.0928;0.0822;0.2763;0.12;0.0845;0.0642;0.4234;0.1846;0.1387;0.1102;53.7819;33.9769;146.8791;-5.987;163.2112;1241.1826;1589.5559;1583.8744;1718.1736;1650.0415;13.4327;-701.371;2.4794;-67.4884;-25.4002;-59.4561;-129.2253;429.51;676.6525;705.3026;823.7234;875.2903;-187.7534;-452.5305;60.5334;-1.8534;25.7014;8.2807;-0.1459;575.0853;845.8386;856.2916;960.9373;976.0234;136.5006;-162.811;100.1129;6.2961;-2.9384;-45.2857;-123.4617;437.4537;681.9882;642.9785;780.0626;807.938;71.3928;-172.5569
4;86;Las Maquinas;Esclerofilo;0.68;0.68;0.68;0.63;0.56;0.36;3414;4118;200045.62;6072571.14;-35.445.141;-72.304.506;0.0253;-0.0012;-0.043;-0.0846;0.0554;-0.033;-0.0331;-0.0452;0.0982;-0.0379;-0.0499;-0.0747;107.6887;178.8534;259.5354;366.1942;458.1658;636.2432;679.3226;788.3391;702.5345;878.4003;750.8336;368.0702;85.5044;48.8071;13.6744;-37.2272;29.17;89.764;76.2545;74.4244;73.1007;126.4143;346.5303;274.4303;36.024;47.6389;35.3278;60.6349;-26.9194;-81.5692;-189.7524;-225.624;-125.9824;-220.8281;4.8003;101.9435;43.3745;50.7728;40.1309;93.9247;-52.4395;-247.3499;-407.6134;-390.7931;-332.5248;-394.7668;-75.415;123.9171
5;101;Las Maquinas;Pino Radiata;0.9;0.69;0.84;1.01;0.71;0.74;3696;4245;202865.62;6071301.14;-35.457.420;-72.273.948;-0.0381;-0.0251;-0.0342;-0.0387;-0.0324;-0.0205;-0.0295;-0.0343;-0.0306;-0.0094;-0.0304;-0.0241;68.9399;91.1283;76.7901;99.8855;30.5342;63.3903;66.4248;-39.7161;0.8057;77.0469;137.0427;95.224;136.5882;96.947;134.0074;122.5734;108.6092;302.0936;346.933;299.8616;352.0311;480.6997;213.7051;87.0415;82.6323;73.005;99.5079;113.504;97.9982;176.1525;273.4387;293.2632;254.6067;274.1165;246.9561;146.5058;115.4852;84.6336;176.7683;177.2096;177.6343;482.2261;622.5363;637.6119;658.6249;640.0149;390.2421;185.0861
6;103;Las Maquinas;Eucalipto;0.49;1.19;0.66;0.89;0.55;0.76;4728;5029;213185.62;6063461.14;-35.531.032;-72.163.163;0.2472;0.0522;0.0141;-0.0022;0.241;0.0526;0.0026;-0.0098;0.355;0.1023;0.0408;0.006;90.4066;38.6228;108.4016;-117.9893;79.4327;1092.001;1399.5576;1551.2904;1502.4047;1436.6411;-30.4031;-589.6252;54.6784;2.853;43.0532;-35.3906;23.0616;187.2993;380.3032;454.8838;511.416;766.3529;-31.0311;-269.7062;119.1464;107.0602;209.4995;141.1273;261.9343;555.4202;693.1459;857.2499;803.8615;897.1621;476.7474;126.5132;101.1218;142.6903;202.0896;153.5718;270.6238;568.413;711.7186;769.6993;768.1353;478.6991;478.8821;201.6395
7;104;Las Maquinas;Eucalipto;0.79;1.25;0.94;1.06;0.87;1.03;3268;4141;198585.62;6072341.14;-35.446.770;-72.320.651;0.2534;0.1645;0.1056;0.0705;0.2741;0.1586;0.0934;0.066;0.3966;0.2248;0.1394;0.0888;26.9502;28.5925;135.6895;14.8542;223.767;1211.9906;1554.0564;1723.8323;1768.5264;1710.4968;86.9897;-546.107;-3.8039;-46.7971;-16.455;-107.2414;-30.467;599.348;929.6438;1096.8606;1095.5815;1067.9614;-94.8013;-419.9732;61.2838;36.1311;78.6967;52.5236;131.4879;694.2457;976.903;1133.8785;1172.3333;1141.6246;288.0707;-37.1087;103.0061;68.8509;95.9635;73.7481;95.6819;533.7096;810.3748;970.6608;941.6509;896.171;284.3884;46.9503
8;105;Las Maquinas;Esclerofilo;0.29;0.29;0.29;0.32;0.27;0.31;3694;4239;202845.62;6071361.14;-35.456.874;-72.274.146;0.0702;0.0366;-0.0045;-0.0246;0.056;-0.0187;-0.0339;-0.0521;0.1109;-0.0212;-0.0486;-0.0704;109.0762;100.6124;226.6508;185.2467;441.5369;763.5272;806.0723;882.1497;903.321;904.2377;660.6836;219.7648;118.7261;1.3832;19.266;-54.9465;18.8806;144.8875;141.6321;199.1412;159.705;366.2329;343.3761;249.6365;54.7025;-46.0514;-17.033;-14.4882;-50.2008;-108.8599;-68.9071;-177.4277;-48.3756;-85.91;93.2037;150.932;72.2291;-57.0859;-101.1196;-89.3497;-179.8613;-287.3898;-304.2882;-453.8716;-275.7104;-255.1331;-8.3157;113.4446
9;10;Las Maquinas;Pino Radiata;1.52;1.5;1.51;1.71;1.31;1.37;4723;5040;213135.62;6063351.14;-35.532.008;-72.163.753;0.0397;0.0407;0.0314;0.0112;-0.0087;0.0308;0.0074;-0.0054;0.0426;0.0453;0.0252;0.0058;104.898;75.9843;99.9109;31.1504;119.1715;458.9017;595.3279;610.4857;648.2732;720.1211;425.434;84.4694;119.6068;66.5033;78.5265;4.8926;-2.3457;241.8055;366.6986;484.493;327.192;564.6252;174.9431;25.2777;99.662;28.0003;73.7284;10.0052;38.7997;259.4845;397.4874;400.626;446.7798;615.7135;224.2786;54.6169;116.1286;50.7434;65.4789;49.7593;94.5931;217.171;405.5659;433.1095;443.7477;569.6387;301.6586;123.7264
10;11;Las Maquinas;Pino Radiata;0.46;0.81;0.58;0.44;0.74;0.81;3259;4153;198495.62;6072221.14;-35.447.823;-72.321.686;-0.0193;-0.009;-0.0297;-0.0378;0.0063;-0.0111;-0.0375;-0.0319;-0.0074;0.003;-0.0175;-0.0286;67.3014;90.6607;144.5668;135.3473;94.0076;301.4069;443.1171;576.059;439.606;215.3123;231.793;134.3112;133.5115;107.7676;159.004;109.3934;105.7467;285.7028;446.8458;484.3779;394.5679;330.8091;259.6976;87.9882;108.9088;111.0174;171.9671;154.9146;145.5364;386.5265;526.6062;541.7196;544.9492;389.719;381.0552;154.3383;116.9603;115.7786;189.5886;180.663;194.2592;431.1304;610.1643;639.8846;635.1533;468.4135;398.4915;198.552
11;12;Las Maquinas;Eucalipto;0.35;0.75;0.45;0.66;0.32;0.49;3426;4122;200165.62;6072531.14;-35.445.537;-72.303.200;0.2753;0.0562;0.0392;0.0236;0.3614;0.1443;0.0758;0.0703;0.4528;0.1811;0.0954;0.0848;80.7827;32.9588;139.4853;-107.6405;38.0565;1066.8972;1409.0938;1979.3033;1567.2632;967.835;-216.1124;-617.5712;138.8479;94.1926;202.2977;105.0117;160.6833;630.1514;923.8998;1186.3528;1058.6437;866.7964;-32.5018;-249.0939;-6.3273;29.1596;140.0214;6.4231;84.989;369.4956;549.4828;775.4188;769.8149;586.8905;12.6663;-130.3597;119.9042;136.0541;217.6759;148.222;156.5162;558.6702;773.314;1068.5817;929.8844;706.0887;224.1423;19.9986
12;13;Las Maquinas;Eucalipto;0.96;1.06;0.99;1.26;0.74;0.85;3700;4247;202905.62;6071281.14;-35.457.612;-72.273.515;0.2467;0.1271;0.0929;0.0941;0.2607;0.1246;0.0892;0.0903;0.4126;0.2067;0.1516;0.1389;-41.7556;11.6158;121.0867;-45.6006;128.4213;1197.0874;1601.2297;1626.973;1799.7424;1731.7351;7.2953;-781.8646;11.5348;26.7733;88.1789;22.1259;-49.4923;640.6055;965.8749;985.4056;1142.7955;1192.0315;-6.7468;-414.498;-0.6989;0.8851;70.3873;5.9014;-4.3729;577.2628;915.4133;914.3434;1107.2125;977.0049;121.2826;-223.0684;94.7595;123.4621;187.366;141.7407;1.3037;673.8019;994.4852;1058.3574;1127.299;997.7366;234.0352;-87.9167
13;14;Las Maquinas;Esclerofilo;0.37;0.37;0.37;0.27;0.5;0.44;4724;5031;213145.62;6063441.14;-35.531.201;-72.163.611;0.0524;0.0198;-0.0231;-0.0207;0.0925;0.0029;-0.0116;-0.0214;0.1211;0.004;-0.038;-0.0486;173.5735;214.9271;363.0975;345.1362;532.3898;873.016;1027.9225;1103.5913;1171.0435;827.1665;806.3428;458.3635;205.9002;155.9643;241.2262;230.3426;359.4417;502.1293;545.3237;635.7815;657.2063;204.1216;683.5332;471.515;180.7035;122.2548;199.2692;271.373;311.2232;342.0212;430.6608;455.9263;551.7803;172.9924;574.9745;511.5809;199.287;142.4226;213.5306;266.7573;308.4568;299.3356;365.5543;436.8678;437.7252;38.0891;614.2374;540.8472
14;cali1;Las Maquinas;Pino;0;0;0;0;0;0;2986;3816;742640;6074120;-35.446.822;-72.326.685;-0.0356;-0.0427;-0.072;-0.0828;-0.0372;-0.0501;-0.0818;-0.0895;-0.0407;-0.0425;-0.0764;-0.0776;129.9608;163.0222;181.0377;229.9792;175.1871;230.9541;314.9381;378.7057;327.2748;356.1631;435.6526;263.7118;175.9651;180.631;209.6294;271.1468;191.0962;297.1274;428.9465;448.4351;472.7772;451.2142;531.7133;288.2735;156.0595;180.5863;229.0309;333.1273;279.0417;350.8705;487.4512;529.7271;564.0549;590.0404;699.9931;402.2802;179.0521;201.3812;249.6523;364.3011;301.9438;375.504;493.748;526.3788;633.4519;679.4972;726.7291;404.7592
15;cali2;Las Maquinas;Pino;0;0;0;0;0;0;4583;3425;758610;6078030;-35.407.587;-72.152.162;-0.0605;-0.0635;-0.1279;-0.1443;-0.0674;-0.1102;-0.1368;-0.1681;-0.0824;-0.1297;-0.1756;-0.1994;131.5729;175.0317;186.7809;258.2366;199.4773;125.463;92.9078;41.1481;95.6936;424.0834;401.4095;351.7934;168.8198;143.6515;172.1161;165.3677;131.4291;-106.1411;-64.7023;-262.7383;-191.0167;222.1583;422.9514;404.7079;117.1524;131.6113;160.3351;293.8918;79.2143;-407.4918;-510.5708;-655.9271;-532.9161;-195.6907;353.2576;459.4588;142.992;236.3712;241.8609;357.6036;122.8406;-390.6069;-498.4412;-633.0289;-604.2452;-224.2451;525.3296;553.0671
16;87;Nilahue Barahona;Peumo - Quillay;1.27;1.27;1.27;1.52;1.28;2.44;2533;7620;252210;6167460;-34.604.817;-71.702.171;0.3182;0.1623;0.1164;0.1562;0.1983;0.1219;0.0862;0.1097;0.3721;0.211;0.12;0.1655;-635.5952;-658.953;-498.1296;-688.4307;-248.5744;949.629;1182.8442;1351.0344;1346.3877;1323.9926;-311.9238;-1725.3378;-40.1449;-167.9442;-114.8361;-456.775;-373.5541;372.2367;338.158;551.2607;324.6033;219.6638;-656.1106;-1134.8456;163.4603;28.7977;150.6164;-141.3766;-124.2401;597.3051;585.1146;598.79;480.95;445.8071;-229.0159;-383.9569;-34.3246;-222.2044;-169.7659;-534.1827;-403.1193;352.7762;385.6982;383.0127;357.3213;212.2546;-725.1238;-895.1144
17;88;Nilahue Barahona;Peumo - Quillay;0.63;0.63;0.63;0.33;0.81;0.4;2067;7338;247550;6170280;-34.578.279;-71.752.098;0.0792;0.0584;0.0318;0.0494;0.0644;0.0136;0.0098;0.005;0.1662;0.0333;0.0213;0.0217;-42.546;174.6421;345.7288;520.2654;635.1768;970.3415;1111.9323;1222.6841;1238.9497;1215.1027;1186.4178;111.7524;131.2653;95.7023;182.7822;49.2836;39.613;123.6648;242.9019;356.2964;235.8782;277.2056;329.166;63.2052;151.8751;104.6364;167.8419;45.9833;203.3232;327.838;377.2432;255.9951;353.8865;341.0513;231.3079;60.9722;147.5854;79.9154;157.3876;10.0796;98.8588;241.8098;306.1501;230.3186;286.6609;295.0364;253.6914;32.99
18;89;Nilahue Barahona;Pino Radiata;0.63;2.31;1.19;0.69;1.16;0;2392;7369;250800;6169970;-34.581.865;-71.716.795;0.2746;0.276;0.1627;0.1197;0.2061;0.2201;0.1696;0.1307;0.2974;0.2775;0.2155;0.1705;-181.5154;-197.7321;-122.0505;-384.0719;-84.184;649.5605;1007.3058;1151.407;1105.5938;885.9191;-56.1484;-447.0895;-144.9085;-435.5795;-468.0264;-827.0006;-554.6117;180.9264;401.7303;547.3939;482.615;723.0804;-1035.535;-1032.6809;-34.7005;-218.213;-205.2136;-354.5608;-341.6697;213.1338;456.9272;399.9324;508.3002;525.8022;-782.8156;-779.7052;-72.8492;-227.3224;-265.1883;-360.6273;-366.119;12.2822;224.0573;148.2487;235.0353;232.6364;-745.7894;-715.3501
19;90;Nilahue Barahona;Pino Radiata;0.83;1.63;1.1;1.17;1.15;1.39;2406;7333;250940;6170330;-34.578.657;-71.715.164;0.0452;0.043;0.0225;0.0585;0.0543;0.0628;0.0526;0.0861;0.0683;0.0541;0.032;0.0661;21.1447;-11.4129;-10.495;-46.5547;-65.1163;234.2384;194.1731;383.8391;255.8131;640.203;-26.2379;-90.5657;82.6862;-10.1951;26.2311;-23.0679;71.9879;309.8901;334.8265;530.1337;445.7336;694.4028;22.2205;-9.9506;114.3369;16.7998;9.1848;-11.4683;61.3159;221.4264;304.8429;362.1873;272.7249;576.7479;-31.1645;-1.8897;76.025;-22.8905;0.7165;-57.446;-7.168;274.8562;383.6598;498.6725;426.3763;609.6455;-78.8065;-48.515
20;91;Nilahue Barahona;Pino Radiata;0.17;2.63;0.99;0.33;1.36;0.45;2420;7269;251080;6170970;-34.572.925;-71.713.452;0.2497;0.2306;0.1781;0.1841;0.2122;0.2966;0.2641;0.2666;0.2671;0.3353;0.3029;0.2967;-254.7419;-146.853;-175.7599;-605.4978;-290.5127;974.8737;1184.809;1054.1113;1286.9535;1378.2595;-476.8199;-635.8354;-3.798;-245.1384;-152.9747;-431.24;-355.2695;634.8527;818.3015;1255.8518;1078.7491;916.2207;-801.9799;-791.8031;164.6265;-106.8255;18.8507;-163.2369;-198.8093;902.4146;1181.3911;1253.0369;1202.3651;1298.9446;-582.1382;-643.1538;-32.7689;-272.8585;-272.0225;-438.21;-441.658;475.9133;825.4045;907.2021;821.8628;936.7473;-1013.7085;-891.972
21;106;Nilahue Barahona;Quillay - Litre;0.88;0.88;0.88;0.65;1.2;1.22;2574;7599;252620;6167670;-34.603.024;-71.697.643;0.2712;0.1398;0.0888;0.131;0.1713;0.106;0.0508;0.0737;0.3199;0.1789;0.0864;0.1079;-248.6418;-435.6098;-316.8192;-535.5391;-273.1886;638.9998;880.2388;947.1298;973.4481;869.6917;-252.9182;-1141.55;27.322;-133.9347;-68.1199;-374.0469;-147.3052;391.7407;393.2089;354.7108;445.7506;348.7996;-493.9138;-772.6504;77.9896;-96.0501;-52.7767;-328.605;-213.4081;137.4392;165.4281;-69.9456;105.2158;235.599;-458.7312;-497.0763;-9.7492;-151.9795;-165.3821;-510.8314;-336.9711;24.4346;106.593;-39.6433;85.176;20.8752;-636.6978;-613.582
22;107;Nilahue Barahona;Eucalipto - Espino;1;1.06;1.02;0.74;1.3;1.45;2272;7357;249600;6170090;-34.580.493;-71.729.829;0.0726;0.016;0.0175;0.0364;0.0388;-0.0289;0.0141;-0.0042;0.1476;-0.0092;0.0375;0.0414;-111.4927;-58.5658;51.8186;243.1991;260.8134;671.0928;830.1714;969.1914;1029.0551;1132.5403;917.7466;-339.3447;51.8768;-114.5267;-164.4086;-297.7307;-376.4009;-301.8953;-322.1802;-311.8523;-386.4807;-256.5049;20.532;-175.2437;305.4464;289.519;394.2083;499.1825;236.3672;369.2706;455.7777;514.0085;551.7957;561.9104;523.9978;145.4304;-98.4151;-302.0572;-362.7694;-482.98;-359.5875;-206.9829;-126.8894;-294.9033;-124.5393;-84.4373;-332.2993;-706.2573
23;108;Nilahue Barahona;Eucalipto;0.83;1.25;0.97;0.89;1.38;1.41;2397;7376;250850;6169900;-34.582.508;-71.716.271;0.0835;0.081;0.0575;0.0754;0.0513;-0.0139;0.0303;0.0315;0.1294;-0.0082;0.0377;0.0454;-101.8349;-62.6082;31.0484;-12.4163;147.7595;445.0835;502.3801;676.6584;586.5507;672.6174;424.9385;-147.2316;-35.7172;-208.5836;-241.0758;-543.5008;-255.3108;-221.0027;-244.3184;-202.1449;-258.9241;-294.5837;-94.9431;-88.4442;166.5398;40.0026;131.2878;2.5314;177.2361;288.7966;292.0432;320.3368;313.553;371.0535;118.2708;30.1525;34.2394;-138.818;-116.0369;-367.3514;-34.3593;140.2158;140.4087;-0.6979;170.8374;141.3113;-303.8779;-276.7639
24;109;Nilahue Barahona;Quillay - Peumo;0.53;0.53;0.53;0.43;0.74;0.67;2402;7340;250900;6170260;-34.579.277;-71.715.621;0.1327;0.0821;0.0361;0.0584;0.1191;0.0122;0.0274;0.0306;0.2481;0.0475;0.0383;0.0579;-101.7102;-35.3421;110.7385;210.9835;321.712;804.0245;878.7689;1126.4885;1099.8418;1112.678;586.8676;-443.6359;54.9707;-101.2627;-86.548;-286.0881;-206.4149;52.9709;-7.8303;83.0016;42.4469;47.1133;-19.26;-258.1757;21.9608;-148.5037;-164.145;-366.9843;-189.1636;-43.9244;-137.0688;-169.5603;-168.2952;-51.6733;-490.3062;-416.4561;21.5577;-98.501;-64.461;-257.6044;-199.7939;34.9117;2.2075;-78.3149;-3.7751;-16.6326;-410.1355;-492.0847
25;110;Nilahue Barahona;Pino Radiata;0.58;3;1.39;0.63;1.58;0.17;2407;7264;250950;6171020;-34.572.444;-71.714.853;0.3135;0.2833;0.2343;0.2199;0.2881;0.2601;0.2147;0.1844;0.4307;0.3408;0.27;0.2373;-134.1707;-184.7601;-106.6315;-201.0701;-2.2391;897.5719;1244.2092;1367.7754;1396.9133;1348.4716;-98.2859;-649.4155;-65.3411;-273.6473;-279.913;-519.4799;-528.5305;347.137;570.349;756.9952;671.9912;1041.9104;-861.4033;-1000.5948;-75.5363;-324.6337;-388.29;-672.2015;-578.2949;76.3029;361.657;309.2231;394.3417;583.4744;-1083.7122;-1020.5392;-62.0364;-267.4424;-323.2265;-538.071;-464.0557;99.3275;382.6702;313.8605;405.157;439.0321;-837.0846;-828.9436
26;111;Nilahue Barahona;Pino Radiata;0.75;1.69;1.22;1.06;1.69;1.69;2548;7526;252360;6168400;-34.596.385;-71.700.262;0.0498;0.0075;0.008;0.0452;0.0517;0.0303;0.0428;0.0837;0.0679;0.0213;0.0316;0.0619;53.5958;11.1036;53.0858;-29.9407;-45.8619;381.95;610.1117;662.8724;663.7141;703.0332;71.231;-60.7492;94.9362;-2.871;95.8608;62.017;170.8954;523.3129;710.7338;691.6854;824.681;840.777;165.4747;70.5363;135.4084;17.9539;82.2147;49.5481;83.6279;411.6145;680.0074;613.4583;685.7089;604.067;81.8998;26.9843;102.4739;10.8118;41.6289;-16.8226;-51.4955;462.5845;752.3815;705.8357;798.2917;669.2019;-35.2934;-32.1538
27;112;Nilahue Barahona;Pino Radiata;0.8;1.75;1.04;0.9;1.08;0.88;2024;7527;247120;6168390;-34.595.198;-71.757.344;0.2389;0.2446;0.1732;0.1724;0.2289;0.2713;0.2079;0.2141;0.3226;0.3155;0.2611;0.2652;-33.8033;-123.4937;-9.9978;-276.009;-1.1371;1207.2229;1478.5897;1872.6815;1618.9999;1241.0747;-102.755;-701.4708;177.5399;-134.7011;82.7389;-247.6337;-135.3914;776.4595;977.4747;1947.7584;1144.181;875.7664;-372.7816;-556.1244;192.0121;-230.1823;-22.7491;-289.2947;-178.2314;723.5469;850.3503;1415.7889;801.7385;581.6489;-579.9542;-787.9226;94.6044;-195.8877;-93.7172;-359.8896;-337.6879;453.045;672.0817;1209.0662;589.8594;411.3384;-947.3331;-1033.2059
28;113;Nilahue Barahona;Pino Radiata;0.9;2.31;1.37;1.51;1.24;1.24;2056;7339;247440;6170270;-34.578.343;-71.753.299;0.184;0.1619;0.1446;0.1351;0.2014;0.3062;0.2807;0.248;0.2206;0.319;0.3124;0.26;-148.6604;-83.3681;-105.4899;-262.8566;-257.0672;496.9773;765.4785;893.4969;729.9749;1337.0469;-310.9791;-352.5161;-58.0267;-98.1151;-53.3527;-122.364;-102.8315;706.5843;1059.2417;1213.2052;1099.6401;1259.145;-444.3899;-433.9275;-5.6551;-76.0673;9.0681;-98.8254;-6.7693;574.3506;916.4027;1151.4618;942.5846;1117.434;-401.9633;-461.765;-70.9991;-118.2702;-99.3359;-190.3684;-253.2639;268.1234;553.3453;739.8933;495.9749;495.629;-667.1542;-566.3628
29;15;Nilahue Barahona;Peumo - Quillay;0.97;0.97;0.97;0.64;1.41;1.2;2267;7379;249550;6169870;-34.582.462;-71.730.438;0.2479;0.1636;0.115;0.1466;0.1819;0.0836;0.0844;0.0854;0.3224;0.127;0.1142;0.1204;-393.6886;-292.4291;-117.7548;-279.9158;89.7354;724.5206;933.5558;1157.5565;1120.3107;821.0919;-45.8977;-1062.8911;-17.7677;-261.0233;-228.3009;-596.0944;-381.9554;-20.0319;-41.6288;92.4312;-38.2578;-66.5002;-708.6785;-780.5963;2.9037;-248.8271;-176.887;-516.0127;-186.3219;15.838;-50.527;59.3381;-92.6636;-78.2239;-761.4814;-708.1487;-22.104;-222.7715;-200.9875;-507.3114;-313.7494;15.2087;74.0129;88.7322;72.9492;1.4641;-734.6213;-730.9338
30;16;Nilahue Barahona;Eucalipto;0.17;1.25;0.71;0.98;0.71;0.98;2390;7386;250780;6169800;-34.583.392;-71.717.062;0.0795;0.0867;0.0718;0.0877;0.0409;0.0115;0.0482;0.0557;0.1227;0.0238;0.0628;0.0801;33.8192;-45.7607;127.1431;128.2429;53.7595;484.5682;792.5903;821.6395;871.634;1127.0797;560.1234;-137.2898;98.279;-176.2088;-131.167;-396.762;-313.9446;-53.2986;-29.0938;-28.2756;14.3682;-24.405;-151.1663;-174.4132;202.91;14.8127;91.8937;-88.7941;-9.9788;225.3398;363.1207;345.9304;439.3772;436.9883;-105.7859;-166.2103;122.4608;-132.5265;-51.6285;-270.812;-204.7297;181.8824;348.8445;200.1299;412.8811;313.2808;-380.4458;-407.8802
31;17;Nilahue Barahona;Pino Radiata;0.08;2.75;0.97;0.34;1.42;0.57;2408;7338;250960;6170280;-34.579.112;-71.714.961;0.1419;0.1697;0.1183;0.1021;0.1315;0.1799;0.1464;0.1164;0.1919;0.2326;0.1851;0.1575;4.4633;52.4601;199.6682;100.2939;122.2765;798.0476;848.3801;1056.6426;987.0679;1066.3232;241.4506;-124.5656;28.8629;-116.3209;14.521;-210.3521;-241.7333;490.2633;558.1613;710.7983;673.0662;840.2567;-641.5609;-735.8276;13.5367;-193.1347;-128.777;-307.4165;-318.4944;211.9957;278.9132;318.457;277.6803;625.4501;-895.1847;-829.3966;-1.5822;-164.6449;-92.1591;-236.3228;-317.074;129.8514;175.3057;202.48;219.4243;472.8569;-744.1581;-744.266
32;18;Nilahue Barahona;Pino Radiata;0.5;1.69;0.9;0.69;1.26;1.1;2404;7269;250920;6170970;-34.572.887;-71.715.195;0.2118;0.1681;0.0894;0.079;0.112;0.1906;0.1175;0.0972;0.1401;0.2201;0.154;0.1344;-8.2213;-48.737;-33.5227;-362.7494;-266.2996;634.2091;676.1008;801.4927;836.261;674.7626;-11.9485;-165.4406;60.5992;-72.3953;5.2927;-145.9385;100.9849;890.5229;1117.9349;1123.1744;1333.3683;870.5404;-73.965;-221.854;88.334;-81.2914;-33.3984;-141.0428;80.5085;503.9949;540.0022;605.9957;906.8147;522.3137;-210.1647;-322.594;83.744;-60.2816;-61.7845;-96.682;44.9959;560.2509;686.558;580.6838;894.0074;663.5217;-121.8279;-261.7784
33;19;Nilahue Barahona;Pino Radiata;0.08;1.75;0.64;0.19;0.92;0.42;2442;7244;251300;6171220;-34.570.727;-71.710.983;0.2655;0.2496;0.1201;0.1275;0.2105;0.2701;0.1821;0.1785;0.2358;0.3087;0.2067;0.1921;12.8029;-50.7303;-50.7896;-400.7453;-256.11;851.1992;917.3174;1229.2355;1199.8612;1124.4274;-229.3613;-330.3119;75.1126;-166.9321;-87.3934;-346.0291;-153.1303;730.6141;931.7458;1251.2297;1244.7306;1253.962;-593.3773;-630.8643;173.6187;-49.4039;12.1152;-88.1607;-153.9738;639.635;813.1891;895.1014;869.4829;1290.0198;-426.0729;-454.5729;54.3475;-109.2614;-162.6937;-260.6926;-278.6832;289.7719;591.1473;577.3761;630.6113;948.1481;-732.1095;-597.6436
34;cali1;Nilahue Barahona;Pino;0;0;0;0;0;0;1069;3285;237570;6210810;-34.210.720;-71.848.375;-0.0388;-0.0408;-0.0481;-0.0378;-0.0501;-0.0952;-0.0893;-0.0724;-0.0613;-0.0994;-0.1015;-0.0841;136.168;63.4492;83.4826;119.3331;91.4879;25.0054;87.9407;194.4858;91.9507;228.9653;308.1996;252.3888;106.071;-26.1544;88.5907;127.5525;198.9283;188.8209;119.7253;282.6021;161.906;168.313;508.269;375.1281;114.5305;-17.4103;28.8654;131.2686;123.3879;52.4167;75.509;155.8621;87.8674;42.439;452.4102;367.2365;170.0694;47.9741;68.5904;128.9748;111.9426;301.699;408.579;424.5212;430.1726;362.7148;467.5199;350.7545
35;cali2;Nilahue Barahona;Pino;0;0;0;0;0;0;1307;4527;239950;6198390;-34.323.191;-71.826.313;-0.0203;-0.0211;-0.0452;-0.0272;-0.0335;-0.0344;-0.0477;-0.0198;-0.0367;-0.0506;-0.0746;-0.0515;108.3142;41.6278;6.4338;55.9069;15.2139;-85.1536;-28.6355;-13.7085;-6.8647;0.2217;181.4459;151.3293;84.0554;-0.1638;29.5661;110.0685;136.3239;272.627;257.6553;414.3101;314.8372;275.1201;354.7805;288.5814;182.061;138.1702;208.2597;246.5038;249.1671;607.1658;776.8776;836.634;855.4926;662.2363;568.6537;432.4254;154.5018;58.4285;79.1458;148.4055;81.6642;380.6686;561.4911;547.4641;644.355;494.3738;343.5701;316.8635
36;7;Las Maquinas;Roble - Hualo;0.24;1.94;0.66;0.76;0;0;4213;1727;754910;6095010;-35.255.617;-72.198.150;0.3573;0.0853;0.0899;0.0792;0.3592;0.1351;0.1356;0.1221;0.5384;0.2023;0.1594;0.1339;-131.9225;-97.1958;57.4894;-237.3089;197.4324;1696.9399;2112.6536;2185.2861;2143.9846;1788.7661;81.0007;-784.6426;20.5882;54.7352;187.2727;14.6804;183.2584;1118.5525;1399.5513;1472.1735;1425.7174;1437.6411;194.4921;-208.3168;-180.2322;-49.1501;22.3295;-116.4209;67.5305;806.1606;1049.5304;1052.6132;904.21;583.2822;-136.2069;-277.5943;-76.9685;6.0264;114.7504;2.5823;136.9216;978.1031;1106.0887;1324.4625;1108.5344;880.8364;136.7622;-75.1918
37;6;Las Maquinas;Hualo - Avellano;0.26;1.13;0.48;0.52;0;0;4043;1753;753210;6094750;-35.258.390;-72.216.736;0.2936;0.1497;0.0957;0.0805;0.2559;0.1738;0.1325;0.1618;0.4234;0.2622;0.1716;0.1931;-10.1242;-50.2248;192.1763;-191.6476;307.0309;1534.7136;1895.0518;1957.6038;2005.9871;1809.5083;319.0951;-578.9445;120.9987;78.5981;300.6292;18.2795;316.0237;1243.6832;1540.5349;1626.215;1673.1055;1630.6847;283.7168;-247.9896;36.297;33.974;204.9936;-67.6344;187.8729;900.7269;1167.9305;1129.337;1148.6526;1177.5349;-10.2748;-255.3366;103.2713;114.7287;336.1397;119.1768;338.6196;1195.2004;1494.324;1591.9924;1482.4084;1648.278;304.5575;-30.8444
38;3;Las Maquinas;Eucaliptus - Quillay;0.89;0.94;0.9;1.09;0;0;4154;1723;754320;6095050;-35.255.407;-72.204.640;0.2234;0.0802;0.0406;0.0324;0.1967;0.0203;-0.0325;-0.0393;0.3445;0.0841;0.0123;-0.0099;-23.9814;29.134;105.4044;36.4371;286.715;1172.0486;1374.3027;1591.6304;1600.7373;1610.1077;337.6952;-636.1307;-32.3038;-96.4851;-83.0969;-86.778;-35.4358;140.2816;337.4572;460.8396;512.255;476.739;215.0659;-206.2017;30.3183;24.5709;68.6895;102.0587;220.936;378.7238;460.5845;575.979;610.3225;582.7588;618.3458;204.0429;82.6416;39.8249;90.6719;113.2279;126.5229;376.7142;446.5736;537.55;592.6085;599.5621;629.5685;277.8654
39;2;Las Maquinas;Pino Radiata - Eucaliptus;1.39;1.75;1.48;1.5;0;0;4112;1754;753900;6094740;-35.258.305;-72.209.156;0.2317;0.0647;0.0253;0.0339;0.1727;0.0114;-0.0593;-0.0066;0.3277;0.0772;-0.0187;0.0204;14.3364;31.7457;96.2262;10.2664;256.7877;993.7734;1226.533;1307.0188;1404.3406;1444.8411;535.5375;-321.8004;25.6586;-29.3835;-26.7389;33.2404;75.1769;206.7465;363.9563;547.5514;543.3698;693.0852;421.2339;-4.459;38.8038;29.4257;30.1307;80.1844;180.9038;274.9244;382.2642;403.9891;544.4957;569.3212;645.6063;265.7704;-33.7605;34.1404;70.6253;56.5182;40.4312;173.4757;249.6704;351.3478;349.8748;236.8792;347.1829;100.4683
40;8;Las Maquinas;Pino Radiata;0.17;2;0.78;1.02;0;0;4122;1719;754000;6095090;-35.255.128;-72.208.166;0.3126;0.0903;0.071;0.039;0.3506;0.1478;0.0942;0.044;0.4774;0.1957;0.1145;0.0535;-34.8864;-53.01;100.4677;-120.5753;283.4635;1459.4033;1817.082;2199.1636;1958.3882;1683.0127;80.9575;-527.5261;11.5008;-2.9004;90.8916;-37.1676;178.5089;854.6238;1077.7153;1333.3778;1200.6606;906.0402;4.3478;-275.6681;-6.826;-75.4967;7.4566;-80.6305;67.4777;483.2389;645.4897;891.1837;703.0438;251.2849;-47.0442;-190.059;61.4012;-32.6975;60.1669;-12.3258;129.3784;489.4587;507.2288;793.6194;603.8051;181.1375;138.2599;-12.2817
41;4;Las Maquinas;Eucaliptus ;1.08;0.94;1.01;1.08;0;0;4125;1731;754030;6094970;-35.256.201;-72.207.800;0.2247;0.0411;0.0531;0.0305;0.2568;0.1108;0.1484;0.1025;0.3886;0.1642;0.1864;0.1261;-36.506;-35.6096;16.7244;-75.2663;142.9911;1017.8273;1386.2178;1327.832;1435.4978;1250.1853;9.0887;-554.07;8.4418;-54.797;-34.2918;-14.0746;-61.6415;363.4851;611.8823;475.4883;713.3229;731.3134;-243.6138;-409.1828;-186.1673;-126.6395;-145.1961;-193.8701;-442.1935;-135.8572;71.3761;94.5983;97.6956;114.6936;-876.9948;-786.6633;-72.5502;-46.2616;-59.2918;-48.1457;-219.0315;-2.4819;171.9185;175.1929;161.0009;117.7732;-462.255;-424.6086
42;5;Las Maquinas;Hualo ;1.1;2.58;1.47;1.57;0;0;4329;1800;756070;6094280;-35.261.896;-72.185.186;0.3664;0.1829;0.0563;-0.0046;0.2726;0.1926;0.083;0.0229;0.4498;0.299;0.137;0.0637;-85.8845;-198.119;-87.821;-350.9662;-135.9015;997.0314;1204.7832;1405.3289;1484.9443;1843.5129;-18.7114;-757.6671;4.6829;-97.4627;-13.5848;-188.8978;-68.4568;655.0029;779.8875;994.8456;1016.2418;1484.8298;-178.1538;-575.2872;-43.6038;-87.6878;30.6212;-52.5251;-66.9697;318.0706;323.7471;462.0909;487.2797;993.2483;-116.5981;-307.0036;-4.2662;-39.5604;75.3736;51.0138;-32.2953;129.4756;174.8145;251.0878;267.0293;945.8993;33.5001;-136.9573
43;3;Las Maquinas;Hualo ;0.32;0.88;0.46;0.45;0;0;4338;1803;756160;6094250;-35.262.143;-72.184.188;0.3381;0.1596;0.1362;0.1138;0.3593;0.2499;0.2575;0.2574;0.54;0.3431;0.3161;0.2919;3.4764;-22.6016;184.9303;-82.308;370.5263;2032.4399;2548.3867;2542.3396;2719.1436;2236.6216;351.1368;-570.3076;51.8126;16.755;203.7086;-22.5965;222.2596;1509.491;1913.9231;2039.1799;2085.1663;1864.5417;85.2982;-434.8353;-117.4391;-26.2584;155.2182;-54.3865;59.956;1241.8419;1638.6564;1801.2861;1714.4573;1217.6294;-257.2084;-546.8746;-40.1483;9.1931;172.2007;14.8771;119.6598;1340.7021;1791.1145;1896.6362;1810.7003;1217.4122;-134.7914;-364.8239
44;10;Las Maquinas;Hualo ;0.22;0.42;0.28;0.26;0;0;4542;2689;758200;6085390;-35.341.411;-72.158.998;0.151;0.0687;0.0382;0.0777;0.1503;0.1161;0.0544;0.0715;0.1888;0.1572;0.0939;0.0882;97.261;144.5522;274.5101;-53.4597;160.6129;1238.3662;1488.7926;1359.53;1517.0011;1218.8416;206.8514;-106.7263;111.0989;108.2454;210.6201;49.3155;266.5976;1148.0674;1478.5271;1246.13;1491.5513;1270.354;257.4982;-76.6298;30.7085;84.0573;174.2134;63.7701;247.6264;938.1147;1128.488;892.3143;1178.2019;1183.7665;262.7686;-46.9307;31.295;38.0413;125.7782;-56.147;107.5433;808.4346;995.8921;827.3036;1119.2977;946.517;131.4005;-54.8217
45;6;Las Maquinas;Hualo ;0.5;1.13;0.71;0.83;0;0;4501;2664;757790;6085640;-35.339.266;-72.163.583;0.3112;0.1132;0.0704;0.0448;0.3394;0.1882;0.1228;0.0836;0.4756;0.2664;0.1713;0.1074;-59.8498;-29.4449;201.066;-144.3161;174.7911;1532.9167;1911.032;2348.4116;1984.5295;2043.1051;136.9985;-601.8928;22.7496;31.5432;184.9517;-38.2522;129.2659;1058.9711;1424.4535;1620.0505;1451.9053;1403.3311;-18.0551;-460.666;-30.1692;-0.0553;185.6678;-6.5881;108.3416;859.0649;1156.6262;1403.3546;1167.626;1135.5272;143.1584;-207.9906;17.507;55.9969;187.456;52.5656;108.3965;726.9497;1017.8854;1300.6653;1005.463;1005.9177;264.2295;-26.1694
46;9;Las Maquinas;Hualo ;0.13;1.5;0.58;0.57;0;0;4509;2680;757870;6085480;-35.340.686;-72.162.654;0.2377;0.1089;0.0276;-0.0018;0.2294;0.147;0.0841;0.0453;0.3641;0.2288;0.1312;0.0698;31.0203;49.1374;210.3482;-103.5777;212.0911;1465.1655;1712.6404;1813.6721;1908.7673;1715.9772;219.6842;-539.6231;53.6162;108.4017;215.85;48.1461;195.0355;1007.6633;1310.562;1346.2612;1415.666;1518.4911;116.4998;-366.7147;-19.7318;82.2459;230.8797;136.7038;182.6161;828.2118;1037.7906;1085.5309;1079.005;1125.4073;235.7496;-123.3926;48.6741;131.1527;287.1929;226.3312;202.5169;833.7446;974.6407;1029.4614;1097.5365;1029.7159;399.717;76.5726
47;4;Las Maquinas;Hualo ;0.07;1.31;0.38;0.08;0;0;4432;2612;757100;6086160;-35.334.760;-72.171.330;0.2443;0.164;0.1435;0.1035;0.1683;0.1248;0.0829;0.0585;0.2564;0.1938;0.1466;0.1009;55.7768;-88.2041;35.2774;-398.8938;106.6182;1201.2593;1446.1765;1230.1719;1504.6371;1771.7026;-13.521;-482.1798;114.7622;-11.1084;84.899;-51.2674;216.6349;1048.9772;1252.9233;1125.1438;1388.358;1772.1274;137.0684;-269.2914;43.9842;-118.9894;-53.6743;-255.3193;62.861;814.7283;956.953;777.0299;1090.6163;1430.6345;50.7092;-304.8408;100.3998;-5.4011;131.8433;33.2583;201.9658;916.9969;1128.3864;921.2754;1304.1869;1650.2383;316.7332;-18.795
48;6;Las Maquinas;Hualo ;0.44;1.31;0.66;0.66;0;0;4475;2651;757530;6085770;-35.338.162;-72.166.482;0.247;0.1602;0.0891;0.0486;0.2342;0.2294;0.1365;0.0906;0.2838;0.2845;0.1745;0.1263;113.3445;77.6337;247.3827;-168.5124;19.6945;1235.426;1606.5487;1727.9275;1578.7914;1808.375;40.8215;-276.2192;117.0395;22.5889;181.579;-38.7938;201.549;1185.2667;1542.2535;1678.7933;1569.1345;1660.6985;3.2568;-320.6866;94.8883;14.988;189.4493;37.551;242.8476;1084.2546;1406.7451;1491.9033;1387.8124;1562.9915;260.2426;-88.9617;109.8537;24.548;167.1364;60.7479;212.5402;928.6691;1246.3541;1240.6814;1274.0208;1382.8075;263.0858;-64.9177
49;11;Las Maquinas;Hualo ;1;1.5;1.17;0.97;0;0;4424;2725;757020;6085030;-35.344.958;-72.171.855;0.2808;0.0736;0.0254;0.0043;0.1916;0.0435;0.0158;0.0003;0.3536;0.119;0.0453;0.0198;-0.3359;-1.4983;161.3617;-32.6587;225.8154;1125.6111;1285.0437;1413.217;1491.1388;1248.0688;621.2769;-176.7161;65.7746;-2.2037;76.936;-38.983;132.8986;462.9086;546.8046;619.1;719.6864;792.4071;290.9741;-123.9034;49.7734;21.9492;146.4003;87.1393;267.8228;527.6592;618.9109;667.9812;794.9685;571.8472;465.7964;161.2787;56.1383;41.061;153.6345;75.9527;180.162;377.9702;417.2327;492.2507;504.3751;314.5208;391.5802;151.6417
50;10;Las Maquinas;Hualo ;0.19;2;0.79;0.77;0;0;4416;2731;756940;6084970;-35.345.519;-72.172.715;0.3178;0.1429;0.0741;0.0112;0.2025;0.0876;0.0215;-0.0392;0.3759;0.1887;0.0765;-0.001;7.8341;-101.2218;28.5165;-201.1428;130.271;1230.2999;1625.0493;1381.1624;1697.131;1734.7068;334.9481;-548.7263;53.794;-54.847;37.4678;-141.5117;-15.0552;637.8344;961.1746;684.0955;997.2581;1085.5708;61.1957;-428.9736;98.7547;-60.9443;60.7278;-30.4102;88.4626;494.7366;762.3295;509.9736;789.8231;1002.8358;268.4647;-66.7792;140.6455;-12.5759;88.2958;55.0294;93.4396;276.1727;448.4531;194.9904;450.2544;735.8422;355.4879;76.8633
51;7;Las Maquinas;Hualo - Avellano;0.5;2.06;0.89;1.16;0;0;4120;2763;753980;6084650;-35.349.158;-72.205.152;0.3766;0.1837;0.0941;0.0605;0.3213;0.2464;0.1249;0.0765;0.496;0.3567;0.1996;0.1311;-57.7993;-112.9609;-33.5923;-199.1492;50.7473;1234.0732;1537.3531;1490.9941;1625.0356;1443.6584;66.665;-493.8024;-81.4603;-88.7447;-121.6288;-280.9757;-60.0037;756.9957;990.4395;847.9716;1079.3716;933.1399;-474.122;-781.7407;-68.0794;-58.8397;-29.1483;-101.143;-26.2972;609.0688;822.7727;612.6206;857.4218;885.7008;-152.4935;-373.6923;-96.007;-116.4456;-187.9283;-180.3531;-184.8476;92.7495;224.845;-47.8812;221.7772;361.0702;-354.1905;-432.2788
52;8;Las Maquinas;Pino Radiata;1.17;3;1.78;2.23;0;0;3660;3075;749380;6081530;-35.378.418;-72.254.767;0.3153;0.1829;0.2027;0.1801;0.4281;0.3569;0.3192;0.2811;0.5714;0.4751;0.407;0.3556;39.8041;42.3524;128.2339;14.9662;200.6517;1130.5437;1385.5511;1478.4918;1423.7725;1225.7354;219.1603;-124.4982;46.2237;2.6187;54.9685;-51.055;127.0759;933.7701;1113.7421;1217.6013;1179.9379;943.6879;-99.4328;-396.4305;-22.188;-44.0515;30.301;-92.9612;3.3067;703.0845;890.5701;1017.2427;908.3131;525.3687;-273.3398;-473.0959;-73.643;-113.8687;-126.68;-247.2551;-98.7081;443.5478;571.3028;649.1057;513.0121;-101.4023;-578.0214;-687.833
53;7;Las Maquinas;Roble - Pino Radiata;0.65;0.88;0.71;0.64;0;0;3492;6100;747700;6051280;-35.651.280;-72.264.007;0.1071;0.0343;0.0241;0.0357;0.1136;0.0559;0.0416;0.0414;0.1226;0.0822;0.0611;0.0677;72.1468;51.8772;105.1567;-60.5445;85.1663;786.9225;950.1464;895.3463;1010.1299;674.2897;94.0956;-49.2318;90.5636;33.8803;55.9224;8.0072;214.4049;692.1757;883.4607;667.6293;952.1704;962.7206;143.7608;-40.5218;30.3566;-15.533;59.9771;13.8286;191.7854;545.48;700.8525;466.9076;765.7643;781.6761;75.3553;-52.0699;13.2047;-13.5706;-1.5276;-29.8369;109.3054;367.8368;547.132;385.0657;609.6846;677.3356;27.7477;-96.7003
54;9;Las Maquinas;Peumo - Quillay - Litre;0.5;1.5;0.83;1.08;0;0;3601;6086;748790;6051420;-35.649.745;-72.252.023;0.1224;0.0465;0.0262;-0.0335;0.1754;0.2059;0.1251;0.0692;0.2268;0.2678;0.1733;0.1083;69.339;160.0948;386.2001;217.014;314.123;1234.5845;1401.0994;1365.95;1463.7483;818.3827;250.1733;-73.5118;55.6127;134.1527;345.9779;359.9147;423.6962;1215.8835;1428.8625;1422.0516;1506.7231;1338.3951;184.5446;-155.2939;-34.6518;54.1563;251.9211;265.3501;284.3342;834.8704;1092.46;977.4879;1204.4573;895.1166;67.2811;-191.9622;-13.3932;81.6686;248.3856;334.4724;266.5641;683.8365;784.0048;751.5435;905.3418;900.8176;144.1356;-94.5354
55;11;Las Maquinas;Peumo - Quillay - Litre;0.25;1.38;0.63;0.63;0;0;3606;6088;748840;6051400;-35.649.913;-72.251.465;0.1472;0.0881;0.0498;0.0023;0.1458;0.1605;0.1155;0.0428;0.2396;0.2306;0.1637;0.0674;148.1539;180.0022;398.1686;187.9702;409.2524;1217.7781;1293.6898;1443.8406;1394.9546;1143.3546;457.3871;-100.5999;88.6001;81.4754;276.4125;209.9053;342.8641;959.3413;1079.6046;1275.7819;1199.2751;1016.6914;169.2681;-238.4885;90.9365;97.982;305.6818;298.0434;367.2854;892.3262;966.6697;1258.9202;1126.9868;764.9772;391.3589;22.1946;78.1262;98.8626;279.0428;280.2206;363.0826;703.0083;789.4225;930.6124;914.9287;478.6691;437.9569;149.623
56;12;Las Maquinas;Hualo - Pino Insigne;0.31;1;0.48;0.53;0;0;3553;6127;748310;6051010;-35.653.558;-72.257.193;0.1009;-0.0398;-0.0039;0.0069;0.1269;0.0619;0.0916;0.0832;0.1842;0.1028;0.1203;0.099;11.0374;26.437;204.2614;-113.5459;86.7304;727.7192;796.5132;927.6666;830.6418;972.3281;-48.5452;-331.5654;117.7926;114.4874;292.2408;297.7076;306.7357;675.0148;771.332;804.2489;830.545;995.1588;207.9554;-79.4695;-21.4007;24.7292;115.971;112.3619;166.4443;359.5693;479.3506;675.0608;543.2329;396.8396;-72.8242;-217.1479;100.4738;95.409;265.3496;228.8008;294.9338;545.3735;680.1129;915.3966;709.4806;546.4911;189.481;-9.8948
57;10;Las Maquinas;Pino Insigne - Eucaliptus;0.5;1.75;0.92;1.14;0;0;3094;6210;743720;6050180;-35.662.178;-72.307.592;0.2475;0.1215;0.0857;0.0625;0.2064;0.2175;0.1282;0.1072;0.2499;0.2569;0.1608;0.1193;76.8631;-7.091;123.4213;-279.9259;30.9241;1159.4736;1559.6255;1613.4008;1583.8429;973.6294;-25.991;-284.7188;56.1391;-15.9817;116.3033;-41.5308;157.1418;980.4775;1359.9041;1553.611;1400.1461;1061.4611;-130.6467;-346.5431;26.1047;-35.5845;93.6638;-17.8661;187.4008;817.8136;1114.9399;1325.5132;1182.6635;917.5969;69.7212;-167.2545;39.3958;-30.3277;114.5161;8.0469;163.3714;725.0298;975.1599;1215.8198;973.0334;757.7357;83.8535;-89.7797
58;11;Las Maquinas;Pino Insigne ;0.81;1.8;1.05;1.22;0;0;3055;6216;743330;6050120;-35.662.814;-72.311.878;0.0514;0.0916;0.0859;0.2221;0.0757;0.1959;0.1672;0.3509;0.0664;0.2141;0.1773;0.3946;97.034;52.5962;139.2908;6.895;14.3286;625.5255;787.9532;778.0529;760.7205;492.9175;66.5717;-8.3499;96.812;40.3789;131.0513;5.6133;117.7943;799.9322;986.1938;1212.7256;1044.4399;980.7721;-31.0967;-169.8094;25.4282;-5.4906;138.5539;-6.4917;111.1402;732.009;912.5283;1045.2473;1011.942;892.5341;-69.9945;-168.1183;-53.3629;-60.0711;77.9098;-99.257;42.6917;1031.7933;1182.1089;1460.3743;1186.5015;1056.1063;-352.2642;-457.0989
59;cali1;Las Maquinas;Pino;0;0;0;0;0;0;2986;3816;742640;6074120;-35.446.822;-72.326.685;-0.0555;-0.1158;-0.1511;-0.171;-0.0599;-0.1373;-0.1852;-0.2;-0.0681;-0.1457;-0.2053;-0.2168;269.2891;257.2285;449.5285;460.3048;351.9636;481.9044;515.8385;509.4797;582.9292;647.2087;691.6097;514.7723;331.1851;356.3928;504.7961;577.3696;463.5417;495.801;442.2634;361.109;563.5714;557.3279;937.7843;711.2778;298.9917;342.7916;557.3564;642.3191;524.3831;438.2106;349.7013;261.6196;466.9767;474.0691;1077.3843;858.3762;305.436;354.9401;547.0143;681.4398;511.0481;401.6558;360.4667;231.7974;441.8003;434.9846;1119.7693;884.6375
60;cali2;Las Maquinas;Pino;0;0;0;0;0;0;4583;3425;758610;6078030;-35.407.587;-72.152.162;-0.0035;-0.0308;-0.0414;-0.0438;-0.0341;-0.0732;-0.1298;-0.1396;-0.0334;-0.0774;-0.1254;-0.1256;154.8503;130.2372;224.0221;127.1643;250.0761;524.3446;622.6453;673.4502;674.9481;713.8254;563.8884;335.5456;199.0995;143.6366;252.8017;179.2661;316.1569;483.4919;560.4583;623.0542;528.9634;590.4908;718.1131;466.2988;156.3569;134.7924;251.4162;191.2425;323.6878;373.9318;417.9949;347.0439;423.1853;472.7317;858.5598;569.9195;160.1671;118.4397;229.6683;190.6396;333.2185;339.5417;299.1594;298.8323;339.3357;351.3264;884.7972;563.9392
61;1;Nilahue Barahona;Eucaliptus;0.88;1.13;0.96;0.92;0;0;1632;3147;243200;6212190;-34.199.693;-71.786.922;0.1018;0.0312;0.0136;0.0085;0.1575;-0.0181;-0.0112;-0.0106;0.2785;0.034;0.0134;0.0054;-9.9483;305.7255;477.9144;742.2245;580.67;1102.2229;1325.9392;1711.3416;1507.6066;1461.8157;915.851;-211.9747;103.49;4.0911;73.7537;152.7515;-48.2231;35.4673;180.2593;353.603;314.3198;559.9631;556.8333;9.2488;179.6862;188.9391;272.454;410.8215;221.2858;321.708;471.8074;584.9819;560.1261;664.0209;732.7839;326.5938;202.3872;203.0863;259.1031;332.6039;195.7584;341.8257;366.0768;415.7676;516.4934;671.0206;551.1851;255.3022
62;1;Nilahue Barahona;Pino Radiata;0.75;0.56;0.66;0.67;0;0;1726;3427;244140;6209390;-34.225.146;-71.777.560;0.007;0.0316;0.0221;0.0465;0.0105;0.0718;0.0655;0.1081;0.0181;0.0666;0.06;0.0925;110.3629;56.8438;-0.4036;-11.2922;-10.0978;168.4237;160.687;275.9369;240.665;264.7253;65.7516;-2.0247;-70.6023;-63.7385;-15.0095;-38.7489;49.5135;350.5137;390.6031;543.3057;455.7206;299.6261;-60.3909;-79.1817;-92.3638;-21.4264;11.4006;-5.3917;84.0396;445.1241;551.7537;567.8765;589.5439;445.5988;-21.0891;-53.1794;-159.5345;-53.1349;-79.2926;-113.0857;-12.6671;354.8923;455.2699;469.8;461.5491;183.7305;-269.0428;-181.3195
63;1;Nilahue Barahona;Pino Radiata;1.75;2.38;2.06;2.02;0;0;1737;3458;244250;6209080;-34.227.966;-71.776.458;-0.0225;-0.0118;-0.0191;0.1453;-0.0205;-0.0071;-0.0081;0.1817;-0.0181;-0.0145;-0.0095;0.1662;101.801;133.9932;99.9655;116.5443;68.4279;167.7634;300.6777;366.1816;337.8203;604.8462;244.0466;138.0056;109.4329;32.6634;120.0371;111.0901;153.3704;384.7213;511.0154;661.2738;603.7041;859.8447;306.8159;184.9532;64.7978;24.3062;43.8746;95.0298;61.9252;205.4587;360.5151;448.0647;403.5046;698.8682;223.6988;127.5684;50.6451;-102.9271;-85.6891;-361.2009;-353.0153;339.688;486.4088;463.0691;417.8296;711.7054;-853.6957;-553.3474
64;1;Nilahue Barahona;Pino Radiata - Quillay;0.92;1.69;1.11;0.97;0;0;1713;3504;244010;6208620;-34.232.051;-71.779.197;0.3764;0.0823;0.1191;0.0818;0.2633;0.083;0.1405;0.0773;0.4368;0.1547;0.182;0.1118;-389.598;-628.873;-510.3716;-784.5508;-446.0662;1093.9575;1498.3911;1398.1982;1516.7086;1408.6754;-574.2948;-1500.403;-6.5329;-129.9626;15.5579;-170.6621;-62.5699;398.7109;428.6907;427.8972;518.5332;864.89;-267.1025;-548.4227;-5.8012;-148.5271;-29.2348;-270.9534;-16.8468;618.7732;666.6016;808.8518;422.0479;498.604;-353.198;-486.1567;39.9938;-78.5853;-8.7032;-164.202;-5.9467;470.4363;701.6068;478.1003;544.2256;544.076;-199.1641;-325.074
65;1;Nilahue Barahona;Eucaliptus ;0.83;1.25;0.97;0.18;0;0;1791;5376;244790;6189900;-34.400.869;-71.776.288;0.2497;0.073;-0.0006;0.0361;0.1888;0.0707;-0.0035;0.0154;0.3377;0.1447;0.0472;0.0598;-434.0815;-477.587;-434.6557;-708.9998;-477.5585;537.4625;786.0361;948.228;991.4436;888.9121;-658.3838;-1574.5093;-64.7529;-120.8966;-95.3895;-160.0126;71.3291;151.2366;198.8074;457.2498;337.6108;320.4573;-175.7051;-550.556;178.4001;183.6652;300.0197;245.5004;275.4749;428.4109;478.1215;617.501;629.4731;790.9417;455.686;41.0811;113.6977;25.9827;61.1539;-66.0903;1.64;269.5382;349.1643;319.1914;343.5122;493.7581;120.5778;-158.9111
66;3;Nilahue Barahona;Eucaliptus ;1.25;1.88;1.41;1.25;0;0;1777;5361;244650;6190050;-34.399.484;-71.777.765;0.3448;0.1411;0.1051;0.162;0.3197;0.2093;0.1134;0.1379;0.4804;0.2886;0.1441;0.1618;-400.3824;-455.1553;-442.6211;-678.3625;-553.4645;754.4087;1388.2524;1536.401;1594.3029;1432.222;-986.8557;-1966.1313;-29.5601;-161.7218;-52.9328;-200.9327;-147.6083;480.5826;852.7357;1063.1332;1017.705;755.844;-667.2953;-970.2444;58.4271;-91.1271;-61.5694;-218.8199;-88.7352;475.5338;743.9362;680.5374;750.3701;593.1274;-323.5942;-425.1917;36.2527;-177.4574;-193.1503;-448.5798;-390.5593;367.3855;754.1055;535.2148;669.8479;548.3103;-600.765;-584.3261
67;4;Nilahue Barahona;Eucaliptus ;0.38;0.63;0.46;0.39;0;0;1747;5190;244350;6191760;-34.384.006;-71.780.516;0.1089;0.2545;0.2077;0.2169;0.1385;0.2402;0.273;0.2563;0.1829;0.3008;0.3135;0.3045;-14.5547;37.1929;102.4293;-108.3964;-59.7495;472.9857;751.9382;992.1683;766.8132;897.9465;5.946;-229.3706;-111.0628;-267.9336;-269.3275;-733.9392;-794.5405;165.5645;382.6309;689.4432;422.4302;604.3125;-1238.3076;-1186.0833;31.3106;-73.1483;21;-235.4541;-454.71;290.0804;476.101;1108.202;656.1228;667.8131;-843.3008;-756.8985;-72.3917;-197.0261;-173.6861;-527.177;-694.6164;170.1417;336.0173;734.4187;293.6555;491.0552;-1349.7112;-1160.3901
68;5;Nilahue Barahona;Espino ;0.22;3;0.92;0.87;0;0;1484;5134;241720;6192320;-34.378.309;-71.808.921;0.3565;0.1406;0.0495;0.0617;0.2795;0.1978;0.0939;0.098;0.4557;0.2773;0.1366;0.1391;-309.2723;-444.2545;-271.7634;-539.4127;-144.1438;1350.5237;1733.7942;1754.2666;1947.0582;1609.13;-138.5734;-1184.147;-54.654;-156.9627;21.4589;-206.4956;41.1422;674.0348;764.9485;1181.7124;874.438;820.4603;-396.0219;-729.7477;67.0152;-20.2791;140.4537;-12.7017;176.8781;648.2859;702.9739;788.1707;741.9468;747.6375;-61.1064;-292.1456;-44.6503;-100.5097;12.9895;-158.8512;-9.6813;480.8822;550.8162;384.333;459.7061;527.5647;-448.9528;-534.4907
69;4;Nilahue Barahona;Litre - Quillay - Boldo;0.99;1.31;1.07;1.18;0;0;1466;5159;241540;6192070;-34.380.516;-71.810.952;0.2864;0.1237;0.1104;0.1878;0.2147;0.1732;0.1209;0.1479;0.3255;0.2449;0.1568;0.1977;73.76;-217.5738;-28.9958;-281.2868;190.1813;1309.1498;1607.8398;1994.3168;1585.2236;1170.114;246.5328;-567.6128;228.4643;-13.3522;198.5709;-0.0658;290.3552;979.7706;1115.7021;1540.7369;1199.2975;502.4282;-79.4956;-563.8054;251.394;-9.71;111.4193;-113.815;152.9419;866.8243;967.488;1116.5037;796.2734;495.8945;-122.5693;-359.2202;170.1363;-110.571;34.5225;-392.1774;126.2125;920.8998;1011.9739;1169.3668;905.9257;421.718;-326.7056;-592.6241
70;3;Nilahue Barahona;Eucaliptus;1.17;1.17;1.17;0.98;0;0;1616;5915;243040;6184510;-34.448.986;-71.796.924;0.0218;-0.0043;0.0063;-0.0076;0.0561;0.121;0.0575;0.0582;0.0944;0.1529;0.0769;0.0688;-157.6462;207.855;277.8428;479.5526;199.8878;414.7615;644.5798;782.1606;441.8787;772.4958;117.3496;-221.663;-17.415;322.7001;604.4203;795.3256;36.1417;378.3864;575.3892;964.8777;478.512;620.1846;-330.4746;-573.8483;-102.6933;-233.7463;-56.2665;29.5952;-42.687;31.7112;-25.6577;215.8467;44.6545;74.8671;-417.3701;-529.3021;-60.9128;-31.8947;78.051;454.932;145.1577;-9.7988;165.7227;437.3206;154.0911;115.5209;-220.9922;-281.9401
71;5;Nilahue Barahona;Eucaliptus;1.58;1.75;1.64;1.56;0;0;1768;5409;244560;6189570;-34.403.785;-71.778.886;0.1154;-0.0001;-0.0052;0.034;0.0712;0.0124;-0.0049;0.0054;0.166;0.0581;0.0392;0.0408;83.1516;-19.5003;128.2093;84.6865;154.7258;689.5173;948.9562;1067.3373;1075.703;977.0776;519.9709;-458.3809;142.3457;-30.7322;95.2637;300.9578;229.9546;103.1995;227.8181;397.0132;379.1223;304.6218;304.0383;-183.2114;327.2616;229.2007;427.9276;652.8401;457.6472;507.4716;653.1536;748.2607;850.1162;800.6873;884.897;271.9667;23.1137;-49.7735;-71.2158;-35.2739;-13.5542;131.8186;279.8833;204.5435;425.1191;317.3223;164.2566;-195.7439
72;2;Nilahue Barahona;Eucaliptus - Pino;0.5;1.69;0.9;0.99;0;0;1629;5979;243170;6183870;-34.454.784;-71.795.702;0.2215;0.0378;0.0198;0.0445;0.1552;0.1037;0.0527;0.0726;0.3039;0.1881;0.1069;0.1262;-137.903;-221.6771;-191.4582;-287.6319;-82.0804;595.4368;793.3538;949.3621;903.0199;679.8998;-74.416;-950.9146;-9.0799;-39.8992;-0.4886;70.1003;-88.9699;197.0635;308.6711;395.0698;353.8998;428.2303;-393.9016;-780.7007;-59.7098;69.0978;109.053;151.8788;109.148;280.8335;412.772;437.6077;477.6383;304.5941;24.5594;-259.5995;-44.6938;22.8115;21.5924;57.5696;-98.6058;193.2721;384.5228;428.9309;349.2026;195.3893;-119.3396;-367.7021
73;6;Nilahue Barahona;Eucaliptus ;0.24;1.75;0.62;0.67;0;0;1675;5585;243630;6187810;-34.419.408;-71.789.520;0.0843;0.021;0.0225;0.0213;0.0585;-0.0161;0.0082;0.0077;0.1677;0.0152;0.0322;0.0395;2.5443;188.2296;277.1915;255.8944;222.7201;735.6525;905.4526;1074.6573;1102.7537;1105.6332;697.634;-409.3538;130.954;123.9169;107.7285;35.6648;118.428;6.1611;-25.7673;163.1699;213.5332;272.4727;367.7932;-2.5605;260.5478;295.7947;407.3476;377.746;357.5073;443.5748;491.5392;736.7102;619.4109;669.2578;753.3745;325.7168;220.3337;212.6865;288.512;266.5848;196.4435;419.9889;543.6248;545.2813;697.6135;685.6616;535.1487;113.8773
74;5;Nilahue Barahona;Esclerófilo - Eucaliptus - Pino;0.68;1.06;0.78;0.91;0;0;1615;5902;243030;6184640;-34.447.813;-71.796.993;0.1794;0.0115;-0.0194;0.0148;0.1659;0.0221;-0.0231;0.0036;0.3046;0.0903;0.017;0.0403;-140.0323;-113.8085;4.8802;-36.8876;190.6529;753.3066;946.9324;1062.5801;1071.7307;946.7145;110.7118;-724.5547;8.0043;-42.9921;24.8517;79.2403;102.7601;156.8549;190.7534;321.748;381.2246;533.7542;145.302;-247.4237;65.9732;51.577;144.0921;193.5114;225.5978;228.2656;353.5822;323.1855;446.4917;487.806;420.8099;100.9797;39.6074;5.6041;10.5798;36.7587;22.226;162.618;317.559;251.0197;363.8136;363.2164;199.7709;-45.5991
75;cali1;Nilahue Barahona;Pino;0;0;0;0;0;0;1069;3285;237570;6210810;-34.210.720;-71.848.375;-0.0164;-0.0217;-0.0226;-0.0151;-0.0288;-0.054;-0.06;-0.0369;-0.038;-0.0543;-0.0627;-0.058;151.7676;52.9368;79.0259;86.1003;82.5818;198.1125;218.9329;331.6033;287.7556;230.416;250.0807;187.6041;117.6743;-19.8346;91.6909;112.3483;156.796;301.2386;307.3611;566.1338;345.5212;378.2014;417.5197;266.0204;135.9257;6.5195;87.4379;115.4168;161.4149;381.4159;438.5781;525.2246;394.3977;455.2097;426.8872;283.3427;197.3622;28.1245;82.9655;93.1935;115.8062;336.1875;478.0226;513.5981;416.8599;464.4165;340.7087;269.3718
76;cali2;Nilahue Barahona;Pino;0;0;0;0;0;0;1307;4527;239950;6198390;-34.323.191;-71.826.313;-0.0361;-0.0872;-0.0837;-0.047;-0.0424;-0.1035;-0.1155;-0.0581;-0.0475;-0.1164;-0.1252;-0.0883;173.1213;143.0355;221.9238;265.8147;233.5607;321.4388;432.3594;406.5276;428.5183;447.6699;513.0563;368.7546;199.3783;168.0583;319.6526;413.6458;389.7739;337.6405;236.5403;294.0107;231.8667;338.6519;780.9429;604.9911;250.7662;214.7744;333.6964;415.7832;448.6949;365.1067;392.4448;309.9822;405.8123;453.8494;844.6167;639.4859;249.1413;134.2319;213.436;271.4704;212.1118;243.2792;339.9678;206.5615;180.1421;287.8472;499.7603;478.6927
